{
  "icebert": {
    "test": {
      "precision": 0.9508332871934001,
      "recall": 0.9994761960190898,
      "f1": 0.9745481372187385,
      "macro_precision": 0.9434042674595223,
      "macro_recall": 0.9992429668270277,
      "macro_f1": 0.970356127311475,
      "micro_precision": 0.9508332871934001,
      "micro_recall": 0.9994761960190898,
      "micro_f1": 0.9745481372187385,
      "eval_ADDICTION_precision": 0.977456647398844,
      "eval_ADDICTION_recall": 1.0,
      "eval_ADDICTION_f1": 0.9885998246126864,
      "eval_DISABILITY_precision": 0.9625492772667543,
      "eval_DISABILITY_recall": 1.0,
      "eval_DISABILITY_f1": 0.9809173083361232,
      "eval_GENERAL_precision": 0.9185619955979457,
      "eval_GENERAL_recall": 1.0,
      "eval_GENERAL_f1": 0.9575525812619502,
      "eval_LGBTQIA_precision": 0.8932291666666666,
      "eval_LGBTQIA_recall": 0.997093023255814,
      "eval_LGBTQIA_f1": 0.9423076923076923,
      "eval_LOOKS_precision": 0.9536384976525821,
      "eval_LOOKS_recall": 1.0,
      "eval_LOOKS_f1": 0.9762691498948634,
      "eval_ORIGIN_precision": 0.9262948207171314,
      "eval_ORIGIN_recall": 0.9957173447537473,
      "eval_ORIGIN_f1": 0.9597523219814241,
      "eval_PERSONAL_precision": 0.9491786447638604,
      "eval_PERSONAL_recall": 0.9989195029713668,
      "eval_PERSONAL_f1": 0.9734140563306134,
      "eval_PROFANITY_precision": 0.9423469387755102,
      "eval_PROFANITY_recall": 0.9983783783783784,
      "eval_PROFANITY_f1": 0.9695538057742783,
      "eval_RELIGION_precision": 0.8966565349544073,
      "eval_RELIGION_recall": 1.0,
      "eval_RELIGION_f1": 0.9455128205128205,
      "eval_SEXUAL_precision": 0.9414951245937161,
      "eval_SEXUAL_recall": 1.0,
      "eval_SEXUAL_f1": 0.9698660714285715,
      "eval_SOCIAL_STATUS_precision": 0.9709618874773139,
      "eval_SOCIAL_STATUS_recall": 1.0,
      "eval_SOCIAL_STATUS_f1": 0.9852670349907919,
      "eval_STUPIDITY_precision": 0.9578713968957872,
      "eval_STUPIDITY_recall": 1.0,
      "eval_STUPIDITY_f1": 0.9784824462061155,
      "eval_VULGAR_precision": 0.9541160593792173,
      "eval_VULGAR_recall": 0.9992932862190813,
      "eval_VULGAR_f1": 0.9761822575077667,
      "eval_WOMEN_precision": 0.963302752293578,
      "eval_WOMEN_recall": 1.0,
      "eval_WOMEN_f1": 0.9813084112149533,
      "eval_macro_f1": 0.970356127311475,
      "eval_micro_f1": 0.9745481372187385
    },
    "gold": {
      "precision": 0.8599221789883269,
      "recall": 0.8875502008032129,
      "f1": 0.873517786561265,
      "macro_precision": 0.8598703085495149,
      "macro_recall": 0.8805849969726575,
      "macro_f1": 0.8681067791143067,
      "micro_precision": 0.8599221789883269,
      "micro_recall": 0.8875502008032129,
      "micro_f1": 0.873517786561265,
      "eval_ADDICTION_precision": 0.8947368421052632,
      "eval_ADDICTION_recall": 0.9444444444444444,
      "eval_ADDICTION_f1": 0.918918918918919,
      "eval_DISABILITY_precision": 0.9230769230769231,
      "eval_DISABILITY_recall": 0.9230769230769231,
      "eval_DISABILITY_f1": 0.9230769230769231,
      "eval_GENERAL_precision": 0.8260869565217391,
      "eval_GENERAL_recall": 0.9047619047619048,
      "eval_GENERAL_f1": 0.8636363636363636,
      "eval_LGBTQIA_precision": 0.9,
      "eval_LGBTQIA_recall": 0.6923076923076923,
      "eval_LGBTQIA_f1": 0.7826086956521738,
      "eval_LOOKS_precision": 0.6875,
      "eval_LOOKS_recall": 0.6875,
      "eval_LOOKS_f1": 0.6875,
      "eval_ORIGIN_precision": 0.9375,
      "eval_ORIGIN_recall": 0.9375,
      "eval_ORIGIN_f1": 0.9375,
      "eval_PERSONAL_precision": 0.85,
      "eval_PERSONAL_recall": 1.0,
      "eval_PERSONAL_f1": 0.9189189189189189,
      "eval_PROFANITY_precision": 0.9032258064516129,
      "eval_PROFANITY_recall": 1.0,
      "eval_PROFANITY_f1": 0.9491525423728813,
      "eval_RELIGION_precision": 0.8333333333333334,
      "eval_RELIGION_recall": 0.9090909090909091,
      "eval_RELIGION_f1": 0.8695652173913043,
      "eval_SEXUAL_precision": 0.84,
      "eval_SEXUAL_recall": 0.84,
      "eval_SEXUAL_f1": 0.8399999999999999,
      "eval_SOCIAL_STATUS_precision": 0.9411764705882353,
      "eval_SOCIAL_STATUS_recall": 0.8888888888888888,
      "eval_SOCIAL_STATUS_f1": 0.9142857142857143,
      "eval_STUPIDITY_precision": 0.8421052631578947,
      "eval_STUPIDITY_recall": 0.9411764705882353,
      "eval_STUPIDITY_f1": 0.8888888888888888,
      "eval_VULGAR_precision": 0.8947368421052632,
      "eval_VULGAR_recall": 0.8947368421052632,
      "eval_VULGAR_f1": 0.8947368421052632,
      "eval_WOMEN_precision": 0.7647058823529411,
      "eval_WOMEN_recall": 0.7647058823529411,
      "eval_WOMEN_f1": 0.7647058823529412,
      "eval_macro_f1": 0.8681067791143067,
      "eval_micro_f1": 0.873517786561265
    }
  },
  "scandibert": {
    "test": {
      "precision": 0.9644664342741482,
      "recall": 0.9996503496503496,
      "f1": 0.9817432610313054,
      "macro_precision": 0.9581039479893475,
      "macro_recall": 0.9993932562991752,
      "macro_f1": 0.978208862069747,
      "micro_precision": 0.9644664342741482,
      "micro_recall": 0.9996503496503496,
      "micro_f1": 0.9817432610313054,
      "eval_ADDICTION_precision": 0.9808251016850669,
      "eval_ADDICTION_recall": 0.9994079336885732,
      "eval_ADDICTION_f1": 0.9900293255131964,
      "eval_DISABILITY_precision": 0.973421926910299,
      "eval_DISABILITY_recall": 1.0,
      "eval_DISABILITY_f1": 0.9865319865319866,
      "eval_GENERAL_precision": 0.9556574923547401,
      "eval_GENERAL_recall": 1.0,
      "eval_GENERAL_f1": 0.9773260359655981,
      "eval_LGBTQIA_precision": 0.9144385026737968,
      "eval_LGBTQIA_recall": 0.9970845481049563,
      "eval_LGBTQIA_f1": 0.9539748953974895,
      "eval_LOOKS_precision": 0.9718562874251497,
      "eval_LOOKS_recall": 1.0,
      "eval_LOOKS_f1": 0.9857273003340419,
      "eval_ORIGIN_precision": 0.9490835030549898,
      "eval_ORIGIN_recall": 0.9978586723768736,
      "eval_ORIGIN_f1": 0.9728601252609603,
      "eval_PERSONAL_precision": 0.968520461699895,
      "eval_PERSONAL_recall": 1.0,
      "eval_PERSONAL_f1": 0.9840085287846482,
      "eval_PROFANITY_precision": 0.9535123966942148,
      "eval_PROFANITY_recall": 0.9994585814834868,
      "eval_PROFANITY_f1": 0.9759450171821306,
      "eval_RELIGION_precision": 0.9161490683229814,
      "eval_RELIGION_recall": 1.0,
      "eval_RELIGION_f1": 0.9562398703403566,
      "eval_SEXUAL_precision": 0.9485213581599123,
      "eval_SEXUAL_recall": 0.9976958525345622,
      "eval_SEXUAL_f1": 0.9724873666479505,
      "eval_SOCIAL_STATUS_precision": 0.9789569990850869,
      "eval_SOCIAL_STATUS_recall": 1.0,
      "eval_SOCIAL_STATUS_f1": 0.9893666204345817,
      "eval_STUPIDITY_precision": 0.964765100671141,
      "eval_STUPIDITY_recall": 1.0,
      "eval_STUPIDITY_f1": 0.9820666097352689,
      "eval_VULGAR_precision": 0.9625340599455041,
      "eval_VULGAR_recall": 1.0,
      "eval_VULGAR_f1": 0.9809094064560917,
      "eval_WOMEN_precision": 0.9752130131680867,
      "eval_WOMEN_recall": 1.0,
      "eval_WOMEN_f1": 0.9874509803921568,
      "eval_macro_f1": 0.978208862069747,
      "eval_micro_f1": 0.9817432610313054
    },
    "gold": {
      "precision": 0.8594377510040161,
      "recall": 0.8699186991869918,
      "f1": 0.8646464646464647,
      "macro_precision": 0.8612993994780263,
      "macro_recall": 0.8626113155972731,
      "macro_f1": 0.8608306951563932,
      "micro_precision": 0.8594377510040161,
      "micro_recall": 0.8699186991869918,
      "micro_f1": 0.8646464646464647,
      "eval_ADDICTION_precision": 0.9375,
      "eval_ADDICTION_recall": 0.9375,
      "eval_ADDICTION_f1": 0.9375,
      "eval_DISABILITY_precision": 1.0,
      "eval_DISABILITY_recall": 0.9230769230769231,
      "eval_DISABILITY_f1": 0.9600000000000001,
      "eval_GENERAL_precision": 0.8571428571428571,
      "eval_GENERAL_recall": 0.8571428571428571,
      "eval_GENERAL_f1": 0.8571428571428571,